path,kind,dimensions,bytes,sha256
assets/wall-cards/26-0017.png,derivative_access,520x650,313667,8f8f4e9eca8d2b9e5a1a1610dc66e19185baa4093340f3db026cd56357e2ef66
assets/wall-cards/26-0018.png,derivative_access,520x650,326708,3929d7ef9b6b3cad2b8d2dc37016a41c765d365ffef679c6f4cd2636980ba0dc
assets/wall-cards/26-0019.png,derivative_access,520x650,260048,8084171f7bf6887729740bf4320c9bca6ae7c5861946aede50e68c136e7f8ba4
assets/wall-cards/26-0021.png,derivative_access,520x650,232631,4354f5d8b13e205271e9a3248002429058d5382ed1951cf473b51b489fd16ff7
assets/wall-cards/26-0022.png,derivative_access,520x650,289336,eeec3630abe6a988acc9b9c8766568892e592e9281b0783bf168665c7afb8eed
assets/wall-cards/26-0023.png,derivative_access,520x650,195001,5bd7da193257f89c311aea89e25eba896ba0e8994ca2e1736f93c649d247a324
assets/wall-cards/26-0024.png,derivative_access,520x650,207544,a70f2352919d52c6474bb3c540f2d4fdb77c7c61230efafda9f141b5f65532b7
assets/wall-cards/26-0025.png,derivative_access,520x650,247098,4f57bb80245b8565d791a3533832bfb3c4634e4e32e57e9b6362a815bb1d7354
assets/wall-cards/26-0026.png,derivative_access,520x650,236055,35e80be51af48d3ba6391de2851ecb7089bb38b057c6afc6b18e26719286061a
assets/wall-cards/26-0027.png,derivative_access,520x650,299336,d3bd47103f432fdcd038b74aabd3de9679e1a87a4d6b5197b60fd3ecb76f85a1
assets/wall-cards/26-0035.png,derivative_access,520x650,259224,d60aa0cfecd8409a4745820764fcefe22f3546f5b2ea96da43230bc8cb046448
assets/wall-cards/26-0063.png,derivative_access,520x650,205086,0f30257b989e88113b1a2bea4797b0cbde86134fa73fd29f3399a6d08639e83e
assets/wall-cards/26-0073.png,derivative_access,520x650,234834,cc0e10bbbce49f6244c499c7b054118ebaa10190ca85af99fffd0b05682678cf
assets/wall-cards/26-0074.png,derivative_access,520x650,196618,f5d8a2aa61fa6b2b78b3152ffe9dde3a41f00ff4e1cffc1ce51d5f5d65ea62b8
assets/wall-cards/26-0075.png,derivative_access,520x650,243179,1988ea521592122ec4e7d3cc95bef7a967f551db5bf259f9a219933be64dac8e
assets/wall-cards/26-0078.png,derivative_access,520x650,239980,e4d0fc1bb626aa53b2f240db5c26f32bcdaf81f77e6682c0d111ee89376f6cae
assets/wall-cards/26-0080.png,derivative_access,520x650,327275,8e2e24e76e4af266418ff64f7851abb2ee1aa82079a7a885061565c31f858730
assets/wall-cards/26-0081.png,derivative_access,520x650,289967,c2f686814d57f4a185fcf4cb995f5dd4e02e5a60d34e847b2ba6be7cbcb6fe42
assets/wall-cards/26-0082.png,derivative_access,520x650,238444,785dcc85473d988cd43b92e8ec2e9c0b49b79136124d8a60b22e239e6b5b60c6
assets/wall-cards/26-0083.png,derivative_access,520x650,226024,fd1ab5f2ad523ca2387cf35da42af685372c6e9593582179d52310eea5db699f
assets/wall-cards/26-0085.png,derivative_access,520x650,348503,09be3dd1a21ce44bc8d117b419e81946b46787dad5830729e5ad8588d9bed9fc
assets/wall-cards/26-0086.png,derivative_access,520x650,241509,c18b9157cc38d44a730de652f4e5a3a1543739be7bacbb6255a0c9810593a5d9
assets/wall-cards/jer-tr-001.png,derivative_access,520x650,261532,cb48254ad3631b7c631a04f62ac8edd2b89dee5571c4685ea4db7cf942032678
assets/wall-cards/jer-tr-002.png,derivative_access,520x650,248314,b9e351d297792f1a2a8603097bd4a82fe6bc234c81dd2ab22ff3b1aa1ee0e279
assets/wall-cards/jer-tr-003.png,derivative_access,520x650,285636,f8352e10b4667d30a14fc214013267bbf9c549b66341c5fbd8014132f226aa66
assets/wall-cards/jer-tr-004.png,derivative_access,520x650,239542,8788f66a69dc6f3d196748bd033bec9e73a9795db3b120f5d32eab21f8021727
assets/wall-cards/jer-tr-005.png,derivative_access,520x650,190760,4e3a63fc4ff36d87e3076193c165614e0448c27ea538280d7e7f4050bfc27de1
source/google-sites/jersey-collection-landing-page.png,source,1179x748,710010,105ddb8c63d1850d0cd0a3d7a96501f6979a793716c0b2f9c34c2e88d78ccce1
source/google-sites/jersey-wall-grid-01.png,source,1197x1530,1837545,858d66d9366f6d091b98070f3b1550e94cba3d92b54ad20db86e48be68da2f06
source/google-sites/jersey-wall-grid-02.png,source,1220x1561,1873077,884352edfab64264790b6d98d95972946260120ae2605c9e3ac14a588bc8a4c1
source/google-sites/jersey-wall-grid-03.png,source,1228x1560,1826257,f4d1bb4267dc5f102c86c175a1ac76a5d79000506488639fdf6da9cf768cb98e
source/photographs/physical-jersey-wall-hero.jpg,source,1244x393,103998,407d3883af43000c23527689c0c9bd6d18b354ad9c522cc645e2d5e8970af524
source/social/26-0017-dani-george-source-post.png,source,1080x1080,1624122,9d30c4b664a205e11aecc2ab23cc5237a482f78ace977901f872e704a4a7098f
source/social/26-0018-redman-81-source-post.png,source,1080x1080,1758350,85e8540b974fe2637fcf92f134e257c2b360fbb43ac9a9747eca657235212b92
source/social/26-0019-connor-fields-source-post.png,source,1080x1080,839558,7f2e30c5287daada248b99ac8f5a01284265685a305c949089575d48a0cafcec
source/social/26-0021-thrill-roc-1-source-post.png,source,1080x1080,842700,91797aac46e1953c2feac880bf82080396cb2a984e15892e1b5850deccd387ac
source/social/26-0022-greg-hill-ghp-source-post.png,source,1080x1080,1688406,2f888aa5f3a1a2b60ea407bd2161454fded137989a553b376721ca1e8bcb31d5
source/social/26-0023-biolab-roc-1-source-post.png,source,1080x1080,604156,7d82130a03d5b0d8733f4baf40a46d8d7a6c3fa405c0b613fb44d6b348837eb8
source/social/26-0024-team-usa-source-post.png,source,1080x1080,771511,9a746902662c4a05c242d29ab94d19924406ab5dd3114d4aaacd9505009296ff
source/social/26-0025-fasthouse-source-post.png,source,1080x1080,861164,06f4afdb02dcf0ac25574404ad16658f89f2b794fab99868b555998a5478549b
source/social/26-0026-ghp-source-post.png,source,1080x1080,742043,06d72c1cf7eda086d2f4af3cbedba3e760e0e32109d765a1173f261644872f9a
