record_id,source_number,sequence_index,duration,normalized_title,published_title_visible,working_source_title,working_source_description,supplied_description,supplied_description_source,publication_date,visibility_at_evidence_capture,publication_state_at_evidence_capture,direct_short_url,direct_short_video_id,parent_video_url,parent_transcript_reference,published_frame_path,published_frame_sha256,publication_status_evidence,medical_or_sensitive_claim_qualification
GM-001,1,1,1:04,24-inch Daylight donated to the Hall of Fame,1. Harry Leary’s 24” Daylight bike has found a home @usabmxvideos Hall of Fame after being donated,Fireside BMX Chat w/ Greg Mathias - Harry Leary’s 24” Daylight BMX Bike as Hanging at the National BMX Hall of Fame (HoF),Harry Leary’s 24” Daylight BMX Bike as Hanging at the National BMX Hall of Fame (HoF) - Harry won the 2022 ROC1 on this bike.,Harry Leary’s 24” Daylight BMX Bike as Hanging at the National BMX Hall of Fame (HoF) - Harry won the 2022 ROC1 on this bike.,working-source PDF,2025-11-10,public,published,,,https://www.youtube.com/watch?v=EUTzVetaoLc,0:48-1:50,source/evidence/published-frames-original/2026-07-22_15-40-37.png,a3696e040409f82718ffdc67826d9855cc1c5084002397e2bdfaf84d084e99eb,source/evidence/studio/2026-07-22_17-09-22.png,
GM-002,2,2,0:13,Harry Leary bobblehead and miniature HLT,2. Greg Mathias donated a Harry Leary bobblehead to the @usabmxvideos HOF - A HLT miniature too,Fireside BMX Chat w/ Greg Mathias - A Harry Leary Bobblehead figure was donated to the HoF,A Harry Leary Bobblehead figure was also donated to the National BMX Hall of Fame (HoF) with a miniature Harry Leary Turbo (HLT) replica miniature frame.,A Harry Leary Bobblehead figure was also donated to the National BMX Hall of Fame (HoF) with a miniature Harry Leary Turbo (HLT) replica miniature frame.,working-source PDF,2025-11-10,public,published,,,https://www.youtube.com/watch?v=EUTzVetaoLc,1:54-2:10,source/evidence/published-frames-original/2026-07-22_15-52-45.png,adbb207dc8f51fa5892a1081f4080c25484b320960ec933600ef01c23ab4ea0c,source/evidence/studio/2026-07-22_17-09-22.png,
GM-003,3,3,0:38,Greg and gOrk Hall of Fame donations,3. Greg Mathias worked with gOrk to make donations to the @usabmxvideos HOF - They go way back,Fireside BMX Chat w/ Greg Mathias - He worked with gOrk to make donations to the HoF,Greg Mathias worked with Gork to make donations to the National BMX Hall of Fame (HoF) - making a donation is easy and they take stuff on loan or donation.,Greg Mathias worked with Gork to make donations to the National BMX Hall of Fame (HoF) - making a donation is easy and they take stuff on loan or donation.,working-source PDF,2025-11-10,public,published,,,https://www.youtube.com/watch?v=EUTzVetaoLc,2:10-2:38,source/evidence/published-frames-original/2026-07-22_15-57-49.png,e752b1f3b9f73520f80843662547c71af388f6f5ac620a9152920d673a602cbd,source/evidence/studio/2026-07-22_17-09-22.png,
GM-004,4,4,0:29,Last HLT 4 Daylight run-over story,4. Greg Mathias shares the story of Harry Leary’s Daylight bike - the last HLT 4 - ran over - how?,Fireside BMX Chat w/ Greg Mathias - The story of Harry Leary’s 20” Daylight bike… The last HL Turbo 4,The story of Harry Leary’s 20” Daylight bike… The last HL Turbo 4 - Getting run over by a car by some kids - so he said,The story of Harry Leary’s 20” Daylight bike… The last HL Turbo 4 - Getting run over by a car by some kids - so he said,working-source PDF,2025-11-10,public,published,,,https://www.youtube.com/watch?v=EUTzVetaoLc,3:14-3:44,source/evidence/published-frames-original/2026-07-22_16-00-38.png,f61acd0da5ecc88eef23ec828f444df805658dedff070440e3c3d0dcca23b161,source/evidence/studio/2026-07-22_17-09-22.png,
GM-005,5,5,0:44,Loaner replacement Daylight 20-inch,5. Harry Leary received a loaner replacement Daylight 20” BMX - the owner’s daughter’s - “The best”,Fireside BMX Chat w/ Greg Mathias - Harry Leary received a loaner replacement Daylight 20” bike,Harry Leary received a loaner replacement Daylight 20” bike - Harry Leary used to always say “Those are the best handling bikes I ever rode.”,Harry Leary received a loaner replacement Daylight 20” bike - Harry Leary used to always say “Those are the best handling bikes I ever rode.”,working-source PDF,2025-11-10,public,published,,,https://www.youtube.com/watch?v=EUTzVetaoLc,3:51-4:24,source/evidence/published-frames-original/2026-07-22_16-03-09.png,433f29411b47db8c64eff47125dc2abb90df6995c9330e5e59a958b15fc9a97f,source/evidence/studio/2026-07-22_17-09-22.png,
GM-006,6,6,0:26,Mushroom decals and Say No campaign,6. Harry Leary’s loaner had mushrooms enchanted forest but he was a part of a “Say No” campaign,Fireside BMX Chat w/ Greg Mathias - Harry Leary was a part of a famous say no to drugs signature campaign in the 1980’s,Harry Leary’s loaner Daylight 20” BMX bike had mushroom decals on it - It was pointed out that Harry Leary was a part of a famous say no to drugs signature campaign in the 1980’s.,Harry Leary’s loaner Daylight 20” BMX bike had mushroom decals on it - It was pointed out that Harry Leary was a part of a famous say no to drugs signature campaign in the 1980’s.,working-source PDF,2025-11-10,public,published,,,https://www.youtube.com/watch?v=EUTzVetaoLc,4:34-4:58,source/evidence/published-frames-original/2026-07-22_16-10-07.png,08d3d215dab5a067ce945057aa553bc96d53411895f267e4e6af84a194f05ac3,source/evidence/studio/2026-07-22_17-09-22.png,
GM-007,7,7,1:07,Last practice with Harry at Black Mountain,7. Greg Mathias and Harry Leary trained together until Greg last saw Harry at practice on Wednesday,Fireside BMX Chat w/ Greg Mathias - He Last Saw Harry Leary at Practice at Black Mountain BMX,"Greg Mathias last saw Harry Leary at practice at Black Mountain BMX - a Wednesday night. Greg couldn’t get a hold of Harry for a couple of days. Then, Harry’s sister and Mom started to question Greg.","Greg Mathias last saw Harry Leary at practice at Black Mountain BMX - a Wednesday night. Greg couldn’t get a hold of Harry for a couple of days. Then, Harry’s sister and Mom started to question Greg.",working-source PDF,2025-11-10,public,published,,,https://www.youtube.com/watch?v=EUTzVetaoLc,4:58-5:59,source/evidence/published-frames-original/2026-07-22_16-11-46.png,d7e2232ec95af7ccf314de2086084af8894462c145626ff1aeb53c756e6f3400,source/evidence/studio/2026-07-22_17-09-22.png,Final-contact timeline is Greg Mathias’s recollection.
GM-008,8,8,0:36,Greg did not know Harry's prior life,8. Greg Mathias did not know anything about Harry Leary’s “prior” life - other than what he saw in…,Fireside BMX Chat w/ Greg Mathias - did not know anything about Harry Leary’s “prior” life,"Greg Mathias did not know anything about Harry Leary’s “prior” life other than what he saw in the magazines. He didn’t know Harry had a sister, daughter, or son. Greg believes he was Harry’s safezone or sounding board, and Greg like to help Harry put things into perspective.","Greg Mathias did not know anything about Harry Leary’s “prior” life other than what he saw in the magazines. He didn’t know Harry had a sister, daughter, or son. Greg believes he was Harry’s safezone or sounding board, and Greg like to help Harry put things into perspective.",working-source PDF,2025-11-10,public,published,,,https://www.youtube.com/watch?v=EUTzVetaoLc,6:05-6:31,source/evidence/published-frames-original/2026-07-22_16-13-16.png,2a107c7555a84934e9e6651e56029a76bb28d1d3eca3985846846b0ad0ab5215,source/evidence/studio/2026-07-22_17-09-22.png,
GM-009,9,9,0:55,Concussions and suspected CTE discussion,9. Greg and Harry Leary’s sister recognize that Harry had many concussions and likely had CTE,Fireside BMX Chat w/ Greg Mathias - Harry Leary’s friends and family believe that he had Chronic Traumatic Encephalopathy,Harry Leary’s friends and family believe that he had Chronic Traumatic Encephalopathy (CTE) from the many head injuries he received as a child and adult. One result was Harry pushing away the people that he loved.,Harry Leary’s friends and family believe that he had Chronic Traumatic Encephalopathy (CTE) from the many head injuries he received as a child and adult. One result was Harry pushing away the people that he loved.,working-source PDF,2025-11-10,public,published,,,https://www.youtube.com/watch?v=EUTzVetaoLc,6:39-7:29,source/evidence/published-frames-original/2026-07-22_16-15-27.png,513e758147a79ab0a16f5df642add56ccdc6cf26d2d7df51d64adb85060c095d,source/evidence/studio/2026-07-22_17-09-22.png,CTE is discussed as a belief held by friends/family; no independent diagnosis is supplied.
GM-011,11,10,0:36,Harry loved to drive; found outside Phoenix,11. Harry Leary loved to drive. He went driving and they found him about 60 miles outside of Phoenix,Fireside BMX Chat w/ Greg Mathias - went driving and they found his body about 60 miles from Phoenix.,Harry Leary loved to drive. He went driving and they found his body about 60 miles from Phoenix. He died of heatstroke. Greg believes that Harry died Wednesday night or Thursday morning but wasn’t found until Saturday.,Harry Leary loved to drive. He went driving and they found his body about 60 miles from Phoenix. He died of heatstroke. Greg believes that Harry died Wednesday night or Thursday morning but wasn’t found until Saturday.,working-source PDF,2025-11-10,public,published,,,https://www.youtube.com/watch?v=EUTzVetaoLc,7:53-8:21,source/evidence/published-frames-original/2026-07-22_16-17-31.png,ef06a63bc358c6f13ac3d1de0f2efa16b88b14fc9350246efe7255b0ef7fb16a,source/evidence/studio/2026-07-22_17-09-22.png,"Cause and timing of death are preserved as interview/publication claims, not an independent medical or official finding."
GM-012A,12,11,0:36,Search timeline before Harry was found,12. Harry Leary’s 20” Daylight was stolen out of his car before… Greg looked for him for 4 days,,,Harry Leary’s 20” Daylight BMX was stolen out of his car before his body was found. He was still in the car with his wallet and seat back.,visible YouTube Studio description; no separate GM-012A entry in working-source PDF,2025-11-10,private,uploaded,,,https://www.youtube.com/watch?v=EUTzVetaoLc,7:53-8:30,source/evidence/published-frames-original/2026-07-22_16-19-09.png,d2f5bf759522ca983aa4d7c99247bf1ad20c24c22fd7823ce81cd8f27b30a382,source/evidence/studio/2026-07-22_17-09-22.png,Search and death timeline are interview recollections and must remain attributed.
GM-012B,12,12,0:35,Daylight stolen; personal items left,12. Harry Leary’s 20” Daylight BMX was stolen from his car. His other personal things were left,Fireside BMX Chat w/ Greg Mathias - Harry Leary’s 20” Daylight BMX was stolen out of his car before his body was found,Harry Leary’s 20” Daylight BMX was stolen out of his car before his body was found. He was still in the car with his wallet and seat back.,Harry Leary’s 20” Daylight BMX was stolen out of his car before his body was found. He was still in the car with his wallet and seat back.,working-source PDF,2025-11-14,public,published,,,https://www.youtube.com/watch?v=EUTzVetaoLc,8:30-9:02,source/evidence/published-frames-original/2026-07-22_16-21-03.png,ca9b9409d498ceec2804a573ee2a8b31faab2c24d1f225af1403d8263ca55fdd,source/evidence/studio/2026-07-22_17-08-40.png,The theft and circumstances in the car are interview/publication claims and must remain attributed.
GM-013,13,13,1:15,Six-month stolen-bike recovery with Rob Porter,13. It took about 6 months to get Harry Leary’s stolen BMX back - they knew where it was - Rob Porter,Fireside BMX Chat w/ Greg Mathias - It took about 6 months to get the Harry Leary’s stolen loaner Daylight BMX back,"It took about 6 months to get the Harry Leary’s stolen loaner Daylight BMX back. There were jurisdiction issues. Rob Porter helped because the guy who was selling the bike lived near him. After multiple purchase attempts, the bike was finally recovered after the thief finally agreed to meet. The bike was returned to Daylight BMX and one of Richard’s daughters is now riding it. It still has the magic mushroom decals on it.","It took about 6 months to get the Harry Leary’s stolen loaner Daylight BMX back. There were jurisdiction issues. Rob Porter helped because the guy who was selling the bike lived near him. After multiple purchase attempts, the bike was finally recovered after the thief finally agreed to meet. The bike was returned to Daylight BMX and one of Richard’s daughters is now riding it. It still has the magic mushroom decals on it.",working-source PDF,2025-11-10,public,published,,,https://www.youtube.com/watch?v=EUTzVetaoLc,9:06-9:51,source/evidence/published-frames-original/2026-07-22_16-22-57.png,3f197029542d0c6c1191aecb9fe57f146c39ce3fe5e174321d48a8b5dd645c59,source/evidence/studio/2026-07-22_17-09-05.png,"The theft, jurisdiction, recovery, and later use of the bicycle are interview recollections unless separately verified."
GM-014,14,14,1:01,What happened to the run-over HLT 4,14. Greg shares what ultimately happened to the last HLT 4 Daylight - the one that got “run over”,Fireside BMX Chat w/ Greg Mathias - Harry Leary's Daylight Cycle Co. BMX bike that got ran over?,What happened to Harry Leary's Daylight Cycle Co. BMX bike that supposedly got ran over?,What happened to Harry Leary's Daylight Cycle Co. BMX bike that supposedly got ran over?,working-source PDF,2025-11-10,public,published,,,https://www.youtube.com/watch?v=EUTzVetaoLc,10:21-11:17,source/evidence/published-frames-original/2026-07-22_16-24-29.png,a18b5f1b0427c0a1f110bdc2fa7bb6bac76e9c4c9ae9a814d8ad38833834c719,source/evidence/studio/2026-07-22_17-09-05.png,
GM-015,15,15,1:14,Daylight brought Greg on after Harry passed,15. Daylight BMX brought Greg Mathias on after Harry Leary passed - they felt bad for Greg?,Fireside BMX Chat w/ Greg Mathias - Daylight BMX brought Greg on after Harry Leary passed away,Greg Mathias currently rides for Daylight BMX. They brought Greg on after Harry Leary passed away. Greg would hang out with them in the pit when Harry was still alive. Greg thinks they felt bad for him.,Greg Mathias currently rides for Daylight BMX. They brought Greg on after Harry Leary passed away. Greg would hang out with them in the pit when Harry was still alive. Greg thinks they felt bad for him.,working-source PDF,2025-11-10,public,published,,,https://www.youtube.com/watch?v=EUTzVetaoLc,11:21-12:24,source/evidence/published-frames-original/2026-07-22_16-25-57.png,fe1502c5cb31b358a8c2db92767bf8e14c11f073dd0b30efd8f5e1d9ae0466a4,source/evidence/studio/2026-07-22_17-09-05.png,
GM-016,16,16,1:13,Harry's Hall of Fame display case,16. Greg Mathias and Kyle find Harry Leary’s display case at the @usabmxvideos HOF - Mini HLT and…,Fireside BMX Chat w/ Greg Mathias - Found Harry Leary’s Display Case at the National BMX HOF,"Greg Mathias and Kyle A. Huffman found Harry Leary’s display case at the National BMX Hall of Fame. Inside the case, we notice a miniature HLT frame and fork that Harry Leary used to have displayed on his nightstand - it was one of his only possessions he kept at his apartment. He got it from someone in Australia.","Greg Mathias and Kyle A. Huffman found Harry Leary’s display case at the National BMX Hall of Fame. Inside the case, we notice a miniature HLT frame and fork that Harry Leary used to have displayed on his nightstand - it was one of his only possessions he kept at his apartment. He got it from someone in Australia.",working-source PDF,2025-11-10,public,published,,,https://www.youtube.com/watch?v=EUTzVetaoLc,12:32-13:44,source/evidence/published-frames-original/2026-07-22_16-27-20.png,7bddf0ee4d11976d38447595966b4634c2c2325d29dfb72bf3b60cf86a1b9288,source/evidence/studio/2026-07-22_17-09-05.png,
GM-017,17,17,1:24,Harry devalued personal gains,17. Harry Leary Devalued His Personal Gains - “I can’t imagine being in the mind of Harry Leary”,Fireside BMX Chat w/ Greg Mathias - Harry Leary devalued many of his personal gains,"Harry Leary devalued many of his personal gains because. The riders were told to give the “schwag” away to promote the brand. He ended up keeping very little and holding very little to value. He had a locker in Lake Havasu that was sold off because he wasn’t paying for the unit. Greg never had Harry sign anything, even though he had given him things over the years - he thought he would be around forever.","Harry Leary devalued many of his personal gains because. The riders were told to give the “schwag” away to promote the brand. He ended up keeping very little and holding very little to value. He had a locker in Lake Havasu that was sold off because he wasn’t paying for the unit. Greg never had Harry sign anything, even though he had given him things over the years - he thought he would be around forever.",working-source PDF,2025-11-10,public,published,,,https://www.youtube.com/watch?v=EUTzVetaoLc,13:47-15:03,source/evidence/published-frames-original/2026-07-22_16-32-11.png,fa8635bbc718f7d21c596c9c9f08491baaffc6301c93fd5d065fd888d6a0c788,source/evidence/studio/2026-07-22_17-09-05.png,
GM-018,18,18,1:42,"Locker, romance novels, and three of everything",18. The last thing Harry Leary cared about was his locker - we found romance novels - three of each,Fireside BMX Chat w/ Greg Mathias - The last thing Harry Leary Cared About At The Time Was His Locker,"Smart people have three of everything! But… The last thing Harry cared about at the time was his locker. Greg and Kyle further talk about an episode Kyle had and Greg mentioned there was no one there to tell him otherwise. A while ago, Greg told Kyle to “chew your words.” This statement has helped Kyle out tremendously but Greg is now that little angel on Kyle’s left shoulder.","Smart people have three of everything! But… The last thing Harry cared about at the time was his locker. Greg and Kyle further talk about an episode Kyle had and Greg mentioned there was no one there to tell him otherwise. A while ago, Greg told Kyle to “chew your words.” This statement has helped Kyle out tremendously but Greg is now that little angel on Kyle’s left shoulder.",working-source PDF,2025-11-10,public,published,,,https://www.youtube.com/watch?v=EUTzVetaoLc,15:10-16:49,source/evidence/published-frames-original/2026-07-22_16-34-00.png,299cdfa2d1538226701c01d8c16bd2863338c34c8a4dda86bb8c176583f7a262,source/evidence/studio/2026-07-22_17-09-05.png,
GM-019,19,19,0:47,Turbo cranks in two different sizes,19. Greg Mathias donated a set of Turbo cranks - in a bag - they were two different sizes - why? how?,"Fireside BMX Chat w/ Greg Mathias - At the HOF, in a case, there is also a set of Turbo cranks and a bag","In the case, there is also a set of Turbo cranks and a bag that was donated by Greg Mathias. We also learn an interesting fact - Harry Leary rode with two different size cranks. Listen to learn more.","In the case, there is also a set of Turbo cranks and a bag that was donated by Greg Mathias. We also learn an interesting fact - Harry Leary rode with two different size cranks. Listen to learn more.",working-source PDF,2025-11-10,public,published,,,https://www.youtube.com/watch?v=EUTzVetaoLc,17:21-18:31,source/evidence/published-frames-original/2026-07-22_16-35-45.png,c60223fb3c412f7bb0373aff821ba1a111c05d4ea95a0cbef8b0834f620fe2d3,source/evidence/studio/2026-07-22_17-09-05.png,
GM-020,20,20,0:54,Bobblehead in the Hall of Fame case,20. Greg Mathias donated one of the Harry Leary bobbleheads to @usabmxvideos HOF - it’s in the case,Fireside BMX Chat w/ Greg Mathias - He donated a Harry Leary bobblehead to the National BMX Hall of Fame,"Greg Mathias donated a Harry Leary bobblehead to the National BMX Hall of Fame. The bobble head itself is wearing a Fall Risk Racing kit, which was Harry Leary’s last sponsor. The Harry Leary Bobblehead Donation Was Made by Greg Mathias to the National BMX Hall of Fame #bmx BMX Team USA's Greg Mathias shares his experience donating a special Harry Leary bobblehead to the National BMX HoF. The figure, dressed in a Fall Risk Racing (FRR) kit—Harry's last sponsor—is just one example of Greg’s commitment to preserving Harry's legacy.","Greg Mathias donated a Harry Leary bobblehead to the National BMX Hall of Fame. The bobble head itself is wearing a Fall Risk Racing kit, which was Harry Leary’s last sponsor. The Harry Leary Bobblehead Donation Was Made by Greg Mathias to the National BMX Hall of Fame #bmx BMX Team USA's Greg Mathias shares his experience donating a special Harry Leary bobblehead to the National BMX HoF. The figure, dressed in a Fall Risk Racing (FRR) kit—Harry's last sponsor—is just one example of Greg’s commitment to preserving Harry's legacy.",working-source PDF,2025-11-10,public,published,,,https://www.youtube.com/watch?v=EUTzVetaoLc,18:31-19:28,source/evidence/published-frames-original/2026-07-22_16-37-30.png,60200dd8b3d2ef6f34493687b367b71ed6a81aa57e0a7ce5f202ce8fc5693baa,source/evidence/studio/2026-07-22_17-09-05.png,
GM-021,21,21,1:05,Greg started and later sold Fall Risk Racing,21. Greg Mathias started Fall Risk Racing (FRR) - he started it around 2015 and sold it to grow it,Fireside BMX Chat w/ Greg Mathias - Greg Mathias started Fall Risk Racing (FRR),"Greg Mathias started Fall Risk Racing, not in 1980 something, but in 2015 or so. He has since sold the company to someone in Pennsylvania - go to a track and you may see them represented.","Greg Mathias started Fall Risk Racing, not in 1980 something, but in 2015 or so. He has since sold the company to someone in Pennsylvania - go to a track and you may see them represented.",working-source PDF,2025-11-10,public,published,,,https://www.youtube.com/watch?v=EUTzVetaoLc,19:28-20:17,source/evidence/published-frames-original/2026-07-22_16-39-35.png,5dfab7e739196b2c50f52dc0ed5306e742dbbce65e6b0ebf97f1fb20f3025e3b,source/evidence/studio/2026-07-22_17-09-05.png,
GM-022,22,22,0:48,Kyle's 1986 Porsche Design plaque donation,22. They find the donation made by Kyle to @usabmxvideos HOF - 1986 Porsche Designs plaque,Fireside BMX Chat w/ Greg Mathias - Greg and Kyle find the donation Kyle made to the National BMX Hall of Fame,"Greg and Kyle find the donation Kyle made to the National BMX Hall of Fame - The 1986 Porsche Design Fallnational plaque as won by Harry Leary. Kyle discusses being inspired by Greg’s donation and worked with Gork who was very helpful with information regarding the plaque. Kyle bought the plaque on eBay and when he realized what he had, he realized he had something bigger than himself as a collector.","Greg and Kyle find the donation Kyle made to the National BMX Hall of Fame - The 1986 Porsche Design Fallnational plaque as won by Harry Leary. Kyle discusses being inspired by Greg’s donation and worked with Gork who was very helpful with information regarding the plaque. Kyle bought the plaque on eBay and when he realized what he had, he realized he had something bigger than himself as a collector.",working-source PDF,2025-11-10,public,published,,,https://www.youtube.com/watch?v=EUTzVetaoLc,20:32-21:20,source/evidence/published-frames-original/2026-07-22_16-42-06.png,a498fc134d0901b55177bddda9172687ec17f5191a2f5262f51e31acc0205a00,source/evidence/studio/2026-07-22_17-09-05.png,
GM-023,23,23,0:44,Diamond Back from Australia donated then sold,23. Greg talked with gOrk about a Diamond Back bike Harry got in Australia - donated - then sold it,Fireside BMX Chat w/ Greg Mathias - He Talked with gOrk about an old DB Harry had on loan,"When Greg took Harry’s old 24” Daylight BMX, he was talking with Gork about an old Diamondback Harry had on loan to the museum. Harry got an HLT from someone in Australia. Harry eventually took the bike out of the museum and sold it. The museum wanted Harry to keep it there but - “what are you going to do?” - Greg Mathias","When Greg took Harry’s old 24” Daylight BMX, he was talking with Gork about an old Diamondback Harry had on loan to the museum. Harry got an HLT from someone in Australia. Harry eventually took the bike out of the museum and sold it. The museum wanted Harry to keep it there but - “what are you going to do?” - Greg Mathias",working-source PDF,2025-11-10,public,published,,,https://www.youtube.com/watch?v=EUTzVetaoLc,21:20-22:07,source/evidence/published-frames-original/2026-07-22_16-44-02.png,da8e3d39744612f5305338062d27b4e90b133b16a772aa182951fcf07e458041,source/evidence/studio/2026-07-22_17-09-05.png,
GM-024,24,24,1:35,One of BMX's most influential people,"24. Greg Mathias, Harry Leary was “one of the most influential people” - “racing 50 frickin years”",Fireside BMX Chat w/ Greg Mathias - Harry Leary was one of the most influential people in the sport of BMX.,"In Greg Mathias’ opinion, Harry Leary was one of the most influential people in the sport of BMX. He raced for over 50 years. Greg tells a story of how when he and Harry Leary first started training, Harry would go to Greg’s business. Greg’s wife works there too and didn’t know who Harry was so she asked Harry how long he has been doing this - “Oh about 55 years.” - Also, Greg reflects on younger people not knowing who Harry was but eventually we came to the decision that Harry is still relevant and will remain relevant in the sport of BMX.","In Greg Mathias’ opinion, Harry Leary was one of the most influential people in the sport of BMX. He raced for over 50 years. Greg tells a story of how when he and Harry Leary first started training, Harry would go to Greg’s business. Greg’s wife works there too and didn’t know who Harry was so she asked Harry how long he has been doing this - “Oh about 55 years.” - Also, Greg reflects on younger people not knowing who Harry was but eventually we came to the decision that Harry is still relevant and will remain relevant in the sport of BMX.",working-source PDF,2025-11-10,public,published,,,https://www.youtube.com/watch?v=EUTzVetaoLc,22:23-23:46,source/evidence/published-frames-original/2026-07-22_16-45-53.png,215710908f1b4a332cb40d3d0caec0b4f3840c88f377834b5ebd4efa4f2688ad,source/evidence/studio/2026-07-22_17-08-40.png,
GM-025,25,25,0:54,"Animal, fast sucker, training partner","25. Harry Leary was an “animal”, a “fast sucker”, and irreplaceable as a training partner to Greg",Fireside BMX Chat w/ Greg Mathias - Greg Mathias has a problem finding people to help him train,"Greg Mathias has a problem finding people to help him train, since his training partner Harry Leary passed away. New training partners tell him to do something but they don’t know how to show them how to do “it.”","Greg Mathias has a problem finding people to help him train, since his training partner Harry Leary passed away. New training partners tell him to do something but they don’t know how to show them how to do “it.”",working-source PDF,2025-11-10,public,published,,,https://www.youtube.com/watch?v=EUTzVetaoLc,23:49-25:02,source/evidence/published-frames-original/2026-07-22_16-47-35.png,43962877021f5a42299451cd80aeded4103138bc9c2a84f78d1005ebe47d91ea,source/evidence/studio/2026-07-22_17-08-40.png,
GM-026,26,26,1:03,"Helpful to everybody, even kids",26. Harry Leary “was always helpful to everybody” - “even kids” - “never rude or anything” - “he lived it”,Fireside BMX Chat w/ Greg Mathias - Harry Leary was always helpful to everyone,"Harry Leary was always helpful to everyone, even kids. He was also an avid mentor and a woman once reached out to tell Kyle that Harry was her daughter’s best friend. Her daughter turned out to be about 8 years old - Kyle sent her the jersey Harry was wearing in the picture that was originally shared with him.","Harry Leary was always helpful to everyone, even kids. He was also an avid mentor and a woman once reached out to tell Kyle that Harry was her daughter’s best friend. Her daughter turned out to be about 8 years old - Kyle sent her the jersey Harry was wearing in the picture that was originally shared with him.",working-source PDF,2025-11-10,public,published,,,https://www.youtube.com/watch?v=EUTzVetaoLc,25:28-26:28,source/evidence/published-frames-original/2026-07-22_16-50-44.png,6e8a9430b7f762cd5b70818ee25e24722244244f62cd00835c8319339518f33e,source/evidence/studio/2026-07-22_17-08-40.png,
GM-027,27,27,1:08,Demon side and CTE discussion,27. Greg Mathias shares - Harry Leary “had his demon side as well” - the family didn’t test for CTE,Fireside BMX Chat w/ Greg Mathias - Harry Leary did have his demons,"While Harry Leary can be thought of doing many wonderful things, he did have his demons. Friends and family did not test Harry for CTE, they just didn’t think about it at the time. He crashed many times and “stuck his head into the ground a few times pretty hard” - some of his helmets were nearly split in half. Harry also had a lot of concussions as a kid, when he would ride without a helmet.","While Harry Leary can be thought of doing many wonderful things, he did have his demons. Friends and family did not test Harry for CTE, they just didn’t think about it at the time. He crashed many times and “stuck his head into the ground a few times pretty hard” - some of his helmets were nearly split in half. Harry also had a lot of concussions as a kid, when he would ride without a helmet.",working-source PDF,2025-11-10,public,published,,,https://www.youtube.com/watch?v=EUTzVetaoLc,26:28-27:35,source/evidence/published-frames-original/2026-07-22_16-52-41.png,c582b8ad7aca11b050cf09bf6f4bc52a3515892cb24547efece9e74ce5aa9d38,source/evidence/studio/2026-07-22_17-08-40.png,The speakers explicitly say the family did not test Harry Leary for CTE. No CTE diagnosis is claimed by the archive.
GM-028,28,28,0:10,Knocked out pretty good as a child,"28. Greg Mathias explains that when Harry Leary was a kid, “he was knocked out pretty good”",Fireside BMX Chat w/ Greg Mathias - Harry Leary was “knocked out pretty good” when he was a kid,"Harry Leary was “knocked out pretty good” when he was a kid, Greg Mathias reflects on a brain bleed Harry had as a kid. “He was no stranger to hitting his head on things.”","Harry Leary was “knocked out pretty good” when he was a kid, Greg Mathias reflects on a brain bleed Harry had as a kid. “He was no stranger to hitting his head on things.”",working-source PDF,2025-11-10,public,published,,,https://www.youtube.com/watch?v=EUTzVetaoLc,27:35-27:48,source/evidence/published-frames-original/2026-07-22_16-54-18.png,58d8b8220504b3511bc932ac27668bf11263322e01d16cf48be485489facf186,source/evidence/studio/2026-07-22_17-08-40.png,"Childhood injury and brain-bleed statements are secondhand recollections, not independently verified medical findings."
GM-029,29,29,0:11,Harry was Harry; loved him like a brother,29. Greg Mathias shares - “Harry was Harry” - “I loved him like a brother” - “always polite and nice”,"Fireside BMX Chat w/ Greg Mathias - “Harry was Harry, I loved him like a brother.”","“Harry was Harry, I loved him like a brother. He came over to the house for holidays and… He was always polite and nice to everyone here. That’s all I can judge him by.” - Greg Mathias - Team USA BMX teammate of BMX legend Harry Leary.","“Harry was Harry, I loved him like a brother. He came over to the house for holidays and… He was always polite and nice to everyone here. That’s all I can judge him by.” - Greg Mathias - Team USA BMX teammate of BMX legend Harry Leary.",working-source PDF,2025-11-10,public,published,,,https://www.youtube.com/watch?v=EUTzVetaoLc,27:48-28:00,source/evidence/published-frames-original/2026-07-22_16-56-02.png,ae75d5ef61694cf4f3bade01a3517cb4c3cf81f9e0a8c2c0e2eb81d2e443e664,source/evidence/studio/2026-07-22_17-08-40.png,
GM-030,30,30,0:29,One word to describe Harry; public title leaves answer blank,30. Greg Mathias is asked for “one word” to describe Harry Leary. Greg says a __________.,Fireside BMX Chat w/ Greg Mathias - “One word to describe Harry Leary”,“One word to describe Harry Leary” - question posed to BMX Team USA Teammate Greg Mathias. What was his response?,“One word to describe Harry Leary” - question posed to BMX Team USA Teammate Greg Mathias. What was his response?,working-source PDF,2025-11-10,public,published,,,https://www.youtube.com/watch?v=EUTzVetaoLc,28:00-28:15,source/evidence/published-frames-original/2026-07-22_16-59-30.png,6399cca57174aa062326b33355606190974f8fec5e212079f4a62952d4c4cf04,source/evidence/studio/2026-07-22_17-08-40.png,
GM-031,31,31,0:51,Harry's business mind and brand loyalty,"31. Harry Leary had a great business mind. He ran tracks, worked at western sports, businesses, +",Fireside BMX Chat w/ Greg Mathias - Harry Leary had a great business mind.,"Harry Leary had a great business mind. He ran tracks, owned multiple businesses, being the face of Western Sports/Diamondback, and more. Greg Mathias reflects “If you got him onboard, he was onboard man.” “Passionate” “Sometimes too passionate.”","Harry Leary had a great business mind. He ran tracks, owned multiple businesses, being the face of Western Sports/Diamondback, and more. Greg Mathias reflects “If you got him onboard, he was onboard man.” “Passionate” “Sometimes too passionate.”",working-source PDF,2025-11-11,public,published,,,https://www.youtube.com/watch?v=EUTzVetaoLc,28:15-29:23,source/evidence/published-frames-original/2026-07-22_17-01-34.png,4873513bc258cfb9c16e8e04087c4464df3d254198cd0b31ad4f7274d7ce19dc,source/evidence/studio/2026-07-22_17-08-40.png,
GM-032,32,32,0:10,Hall of Fame track and a few laps,32. The @usabmxvideos HOF has a track attached to the museum - Greg Mathias planned on a few laps,Fireside BMX Chat w/ Greg Mathias - The BMX HoF has a track attached to the museum,The National BMX Hall of Fame (HoF) has a track attached to the museum. Go take a spin on it like BMX Team USA’s Greg Mathias.,The National BMX Hall of Fame (HoF) has a track attached to the museum. Go take a spin on it like BMX Team USA’s Greg Mathias.,working-source PDF,2025-11-11,public,published,,,https://www.youtube.com/watch?v=EUTzVetaoLc,29:23-29:48,source/evidence/published-frames-original/2026-07-22_17-03-34.png,4c76d7d1ea3bf6730d6a9fec10d88f15d90c24fc3ddf500a328cb950f74a1289,source/evidence/studio/2026-07-22_17-08-40.png,
